[
    {"id":21,"domain":"growthfountain-investment-admin.s3-website-us-east-1.amazonaws.com","name":"growthfountain investment admin","bucket_name":"growthfountain-investment-admin","url":"http://growthfountain-investment-admin.s3-website-us-east-1.amazonaws.com","frontend_bucket":""},
    {"id":26,"domain":"django-admin.growthfountain.com","name":"django-admin","bucket_name":"","url":"","frontend_bucket":""},
    {"id":1,"domain":"jd-django.jwpbirm43d.us-east-1.elasticbeanstalk.com","name":"growthfountain","bucket_name":"growthfountain-master-storage","url":"http://growthfountain-master-storage.s3-website-us-east-1.amazonaws.com","frontend_bucket":""},
    {"id":30,"domain":"jdcu.growthfountain.com","name":"jdcu","bucket_name":"growthfountain-jdcu-storage","url":"http://growthfountain-jdcu-storage.s3-website-us-east-1.amazonaws.com","frontend_bucket":"https://d290trav9md12b.cloudfront.net"},
    {"id":18,"domain":"dcu.growthfountain.com","name":"dcu","bucket_name":"growthfountain-dcu-storage","url":"http://growthfountain-dcu-storage.s3-website-us-east-1.amazonaws.com","frontend_bucket":"https://d2tnsesap9mamm.cloudfront.net"},
    {"id":9,"domain":"beta.growthfountain.com","name":"beta","bucket_name":"growthfountain-beta-storage","url":"http://growthfountain-beta-storage.s3-website-us-east-1.amazonaws.com","frontend_bucket":""},
    {"id":40,"domain":"alpha-rivermarkcu.growthfountain.com","name":"alpha-river-markcu","bucket_name":"growthfountain-alpha-momentum3-storage","url":"http://growthfountain-alpha-momentum3-storage.s3-website-us-east-1.amazonaws.com","frontend_bucket":"https://s3.amazonaws.com/growthfountain-alpha-rivermarkcu-storage"},
    {"id":42,"domain":"infinityfcu.growthfountain.com","name":"infinityfcu","bucket_name":"growthfountain-infinityfcu-storage","url":"http://growthfountain-infinityfcu-storage.s3-website-us-east-1.amazonaws.com","frontend_bucket":"https://dkh6x3mo9aj32.cloudfront.net"},
    {"id":31,"domain":"rivermarkcu.growthfountain.com","name":"rivermarkcu","bucket_name":"growthfountain-rivermarkcu-storage","url":"http://growthfountain-rivermarkcu-storage.s3-website-us-east-1.amazonaws.com","frontend_bucket":"https://dzbmgd72muyeg.cloudfront.net"},
    {"id":20,"domain":"chagin.growthfountain.com","name":"growthfountain","bucket_name":"growthfountain-master-storage","url":"http://growthfountain-master-storage.s3-website-us-east-1.amazonaws.com","frontend_bucket":""},
    {"id":32,"domain":"demo.growthfountain.com","name":"demo","bucket_name":"growthfountain-demo-storage","url":"http://growthfountain-demo-storage.s3-website-us-east-1.amazonaws.com","frontend_bucket":""},
    {"id":43,"domain":"django-admin-dev.growthfountain.com","name":"django-admin-dev","bucket_name":"","url":"","frontend_bucket":""},
    {"id":29,"domain":"momentum3.growthfountain.com","name":"momentum3","bucket_name":"growthfountain-momentum3-storage","url":"http://growthfountain-momentum3-storage.s3-website-us-east-1.amazonaws.com","frontend_bucket":"https://djlz6vnq41tcs.cloudfront.net"},
    {"id":34,"domain":"growthfountain.com:7070","name":"social_service_localhost","bucket_name":"growthfountain-localhost","url":"http://growthfountain-localhost.s3-website-us-east-1.amazonaws.com","frontend_bucket":"https://s3.amazonaws.com/growthfountain-alpha-storage"},
    {"id":44,"domain":"alpha-demo.growthfountain.com","name":"alpha-demo","bucket_name":"growthfountain-alpha-demo-storage","url":"http://growthfountain-alpha-demo-storage.s3-website-us-east-1.amazonaws.com","frontend_bucket":""},
    {"id":45,"domain":"ostap.growthfountain.com","name":"ostap","bucket_name":"growthfountain-alpha-storage","url":"http://growthfountain-alpha-storage.s3-website-us-east-1.amazonaws.com","frontend_bucket":"https://s3.amazonaws.com/growthfountain-alpha-storage"},
    {"id":37,"domain":"alpha-jdcu.growthfountain.com","name":"alpha-jdcu","bucket_name":"growthfountain-alpha-jdcu-storage","url":"http://growthfountain-alpha-jdcu-storage.s3-website-us-east-1.amazonaws.com","frontend_bucket":"https://s3.amazonaws.com/growthfountain-alpha-jdcu-storage"},
    {"id":23,"domain":"growthfountain.com","name":"growthfountain","bucket_name":"growthfountain-master-storage","url":"http://growthfountain-master-storage.s3-website-us-east-1.amazonaws.com","frontend_bucket":"https://storage.growthfountain.com"},
    {"id":46,"domain":"alpha-infinityfcu.growthfountain.com","name":"alpha-infinityfcu","bucket_name":"growthfountain-alpha-infinityfcu-storage","url":"http://growthfountain-alpha-infinityfcu-storage.s3-website-us-east-1.amazonaws.com","frontend_bucket":"https://s3.amazonaws.com/growthfountain-alpha-infinityfcu-storage"},
    {"id":4,"domain":"localhost:7070","name":"growthfountain","bucket_name":"growthfountain-alpha-storage","url":"http://growthfountain-alpha-storage.s3-website-us-east-1.amazonaws.com","frontend_bucket":"https://s3.amazonaws.com/growthfountain-alpha-storage"},
    {"id":12,"domain":"alpha.growthfountain.com","name":"alpha","bucket_name":"growthfountain-alpha-storage","url":"http://growthfountain-alpha-storage.s3-website-us-east-1.amazonaws.com","frontend_bucket":"https://s3.amazonaws.com/growthfountain-alpha-storage"},
    {"id":35,"domain":"growthfountain-investment-admin-dev.s3-website-us-east-1.amazonaws.com","name":"investment-admin-dev","bucket_name":"growthfountain-investment-admin-dev","url":"http://growthfountain-investment-admin-dev.s3-website-us-east-1.amazonaws.com","frontend_bucket":""},
    {"id":36,"domain":"alpha-dcu.growthfountain.com","name":"alpha-dcu","bucket_name":"growthfountain-alpha-dcu-storage","url":"http://growthfountain-alpha-dcu-storage.s3-website-us-east-1.amazonaws.com","frontend_bucket":"https://s3.amazonaws.com/growthfountain-alpha-dcu-storage"},
    {"id":38,"domain":"alpha-momentum3.growthfountain.com","name":"alpha-momentum3","bucket_name":"growthfountain-alpha-momentum3-storage","url":"http://growthfountain-alpha-momentum3-storage.s3-website-us-east-1.amazonaws.com","frontend_bucket":"https://s3.amazonaws.com/growthfountain-alpha-momentum3-storage"},
    {"id":48,"domain":"alpha-tvfcu.growthfountain.com","name":"alpha-tvfcu","bucket_name":"growthfountain-alpha-tvfcu-storage","url":"http://growthfountain-alpha-tvfcu-storage.s3-website-us-east-1.amazonaws.com","frontend_bucket":"https://s3.amazonaws.com/growthfountain-alpha-tvfcu-storage"},
    {"id":49,"domain":"tvfcu.growthfountain.com","name":"tvfcu","bucket_name":"growthfountain-tvfcu-storage","url":"http://growthfountain-tvfcu-storage.s3-website-us-east-1.amazonaws.com","frontend_bucket":"https://d9ok7bvz6m8rk.cloudfront.net"}
]

